<?xml version="1.0" encoding="UTF-8"?>
<project-private xmlns="http://www.netbeans.org/ns/project-private/1">
    <editor-bookmarks xmlns="http://www.netbeans.org/ns/editor-bookmarks/2" lastBookmarkId="0"/>
    <open-files xmlns="http://www.netbeans.org/ns/projectui-open-files/2">
        <group>
            <file>file:/C:/NetBeanLab/NetBeansProjects/TH5B7/src/model/RandomModel.java</file>
            <file>file:/C:/NetBeanLab/NetBeansProjects/TH5B7/src/controller/RandomListener.java</file>
            <file>file:/C:/NetBeanLab/NetBeansProjects/TH5B7/src/test/Test.java</file>
            <file>file:/C:/NetBeanLab/NetBeansProjects/TH5B7/src/view/RandomView.java</file>
        </group>
    </open-files>
</project-private>
